{
  "fees": "Tuition fees vary by program and year. You can find detailed fee structures on our website.",
  "scholarships": "We offer various scholarships for eligible students. Visit our scholarships page for details and application deadlines.",
  "admission": "The admission process generally includes Online Application: Submit the application form with necessary documents:Interview (if applicable): Some programs may require an interview, Offer Letter: If selected, you will receive an offer letter with admission instructions or For detailed information, please visit our website",
  "activity": "Upcoming activity related to admissions and scholarships will be posted on our university activity calendar.",
  "contact": "You can contact us via phone at +977-1-3544000 or email at  It@poppl.edu.np",
  "about": "The University of Poppleton stands as a premier higher education institution in the UK, dedicated to delivering top-notch education through a diverse selection of undergraduate and postgraduate programs. Our mission is to ensure quality learning experiences that emphasize practical skills and industry relevance. For more information, visit our website..",
  "location": "University of Poppleton has located in UK, York."
}